{"cameraMode":{"drawMode":0,"name":"Shaded","section":"Shading Mode"},"sceneLighting":true,"audioPlay":false,"sceneViewState":{"showFog":true,"showMaterialUpdate":false,"showSkybox":true,"showFlares":true,"showImageEffects":true,"showParticleSystems":true},"in2DMode":false,"pivot":{"x":-0.283671498298645,"y":-0.00554373674094677,"z":1.1845128536224366},"rotation":{"x":-0.10500457882881165,"y":0.6910247206687927,"z":-0.10255912691354752,"w":-0.7077992558479309},"size":1.813394546508789,"orthographic":false}