{"cameraMode":{"drawMode":0,"name":"Shaded","section":"Shading Mode"},"sceneLighting":false,"audioPlay":false,"sceneViewState":{"showFog":true,"showMaterialUpdate":false,"showSkybox":false,"showFlares":true,"showImageEffects":true,"showParticleSystems":true},"in2DMode":false,"pivot":{"x":0.0007319934666156769,"y":0.616233229637146,"z":1.6993340253829957},"rotation":{"x":-0.10500457882881165,"y":0.6910247206687927,"z":-0.10255912691354752,"w":-0.7077992558479309},"size":0.16073401272296906,"orthographic":false}