{"cameraMode":{"drawMode":0,"name":"Shaded","section":"Shading Mode"},"sceneLighting":true,"audioPlay":false,"sceneViewState":{"showFog":true,"showMaterialUpdate":false,"showSkybox":false,"showFlares":true,"showImageEffects":true,"showParticleSystems":true},"in2DMode":false,"pivot":{"x":957.5,"y":538.2789306640625,"z":1.0226445198059083},"rotation":{"x":-0.1894741952419281,"y":-0.043281204998493198,"z":0.008328317664563656,"w":-0.9809157848358154},"size":1104.48193359375,"orthographic":false}